Metric,Value
Accuracy,96.26165449254707
RRSE,25.765842151590924
