Metric,Value
Accuracy,95.02048815250312
RRSE,31.579339450043353
