Metric,Value
Accuracy,95.86970722727003
RRSE,28.603793574224667
